{
  "info": {
    "name": "Task Manager API",
    "_postman_id": "2d4a2f8a-6d9a-4f1e-bd6c-123456789abc",
    "description": "JWT Auth + Tasks CRUD",
    "schema": "https://schema.getpostman.com/json/collection/v2.1.0/collection.json"
  },
  "variable": [
    {
      "key": "baseUrl",
      "value": "http://localhost:5000"
    },
    {
      "key": "token",
      "value": ""
    }
  ],
  "item": [
    {
      "name": "Health",
      "request": {
        "method": "GET",
        "header": [],
        "url": {
          "raw": "{{baseUrl}}/health",
          "host": [
            "{{baseUrl}}"
          ],
          "path": [
            "health"
          ]
        }
      }
    },
    {
      "name": "Auth",
      "item": [
        {
          "name": "Register",
          "request": {
            "method": "POST",
            "header": [
              {
                "key": "Content-Type",
                "value": "application/json"
              }
            ],
            "body": {
              "mode": "raw",
              "raw": "{\n  \"name\": \"Ahmad Idris\",\n  \"email\": \"ahmad@example.com\",\n  \"password\": \"Password123!\"\n}"
            },
            "url": {
              "raw": "{{baseUrl}}/api/auth/register",
              "host": [
                "{{baseUrl}}"
              ],
              "path": [
                "api",
                "auth",
                "register"
              ]
            }
          }
        },
        {
          "name": "Login",
          "request": {
            "method": "POST",
            "header": [
              {
                "key": "Content-Type",
                "value": "application/json"
              }
            ],
            "body": {
              "mode": "raw",
              "raw": "{\n  \"email\": \"ahmad@example.com\",\n  \"password\": \"Password123!\"\n}"
            },
            "url": {
              "raw": "{{baseUrl}}/api/auth/login",
              "host": [
                "{{baseUrl}}"
              ],
              "path": [
                "api",
                "auth",
                "login"
              ]
            }
          }
        }
      ]
    },
    {
      "name": "Tasks",
      "item": [
        {
          "name": "List Tasks",
          "request": {
            "method": "GET",
            "header": [
              {
                "key": "Authorization",
                "value": "Bearer {{token}}"
              }
            ],
            "url": {
              "raw": "{{baseUrl}}/api/tasks?page=1&limit=10",
              "host": [
                "{{baseUrl}}"
              ],
              "path": [
                "api",
                "tasks"
              ],
              "query": [
                {
                  "key": "page",
                  "value": "1"
                },
                {
                  "key": "limit",
                  "value": "10"
                }
              ]
            }
          }
        },
        {
          "name": "Create Task",
          "request": {
            "method": "POST",
            "header": [
              {
                "key": "Content-Type",
                "value": "application/json"
              },
              {
                "key": "Authorization",
                "value": "Bearer {{token}}"
              }
            ],
            "body": {
              "mode": "raw",
              "raw": "{\n  \"title\": \"Finish report\",\n  \"description\": \"Complete chapter 4 edits\",\n  \"status\": \"pending\",\n  \"dueDate\": \"2026-03-01\"\n}"
            },
            "url": {
              "raw": "{{baseUrl}}/api/tasks",
              "host": [
                "{{baseUrl}}"
              ],
              "path": [
                "api",
                "tasks"
              ]
            }
          }
        },
        {
          "name": "Get Task By ID",
          "request": {
            "method": "GET",
            "header": [
              {
                "key": "Authorization",
                "value": "Bearer {{token}}"
              }
            ],
            "url": {
              "raw": "{{baseUrl}}/api/tasks/:id",
              "host": [
                "{{baseUrl}}"
              ],
              "path": [
                "api",
                "tasks",
                ":id"
              ]
            }
          }
        },
        {
          "name": "Update Task By ID",
          "request": {
            "method": "PUT",
            "header": [
              {
                "key": "Content-Type",
                "value": "application/json"
              },
              {
                "key": "Authorization",
                "value": "Bearer {{token}}"
              }
            ],
            "body": {
              "mode": "raw",
              "raw": "{\n  \"status\": \"done\"\n}"
            },
            "url": {
              "raw": "{{baseUrl}}/api/tasks/:id",
              "host": [
                "{{baseUrl}}"
              ],
              "path": [
                "api",
                "tasks",
                ":id"
              ]
            }
          }
        },
        {
          "name": "Delete Task By ID",
          "request": {
            "method": "DELETE",
            "header": [
              {
                "key": "Authorization",
                "value": "Bearer {{token}}"
              }
            ],
            "url": {
              "raw": "{{baseUrl}}/api/tasks/:id",
              "host": [
                "{{baseUrl}}"
              ],
              "path": [
                "api",
                "tasks",
                ":id"
              ]
            }
          }
        }
      ]
    }
  ]
}
